<?xml version="1.0" encoding="UTF-8"?>

<PractitionerRole xmlns="http://hl7.org/fhir">
  <id value="MayoClinicPGY1PharmacyResident"/>
  <meta>
    <profile value="http://openclintech.com/rxventure/fhir/StructureDefinition/PostGradPosition"/>
  </meta>
  <text>
    <status value="generated"/><div xmlns="http://www.w3.org/1999/xhtml"><p class="res-header-id"><b>Generated Narrative: PractitionerRole MayoClinicPGY1PharmacyResident</b></p><a name="MayoClinicPGY1PharmacyResident"> </a><a name="hcMayoClinicPGY1PharmacyResident"> </a><a name="MayoClinicPGY1PharmacyResident-en-US"> </a><p><b>identifier</b>: <code>ashp.org</code>/4724</p><p><b>active</b>: true</p><p><b>organization</b>: <a href="Organization/mayo-clinic">Organization/mayo-clinic</a></p><p><b>code</b>: <span title="Codes:{https://www.openclintech.com/rxventure/fhir/CodeSystem/post-graduate-category pgy-1}">Post-graduate Year 1</span></p><p><b>specialty</b>: <span title="Codes:{https://www.openclintech.com/rxventure/fhir/CodeSystem/post-graduate-specialty pharmacy-practice}">Pharmacy Practice</span></p></div>
  </text>
  <identifier>
    <system value="ashp.org"/>
    <value value="4724"/>
  </identifier>
  <active value="true"/>
  <organization>
    <reference value="Organization/mayo-clinic"/>
    <type value="Organization"/>
  </organization>
  <code>
    <coding>
      <system value="https://www.openclintech.com/rxventure/fhir/CodeSystem/post-graduate-category"/>
      <code value="pgy-1"/>
      <display value="Post-graduate Year 1"/>
    </coding>
  </code>
  <specialty>
    <coding>
      <system value="https://www.openclintech.com/rxventure/fhir/CodeSystem/post-graduate-specialty"/>
      <code value="pharmacy-practice"/>
      <display value="Pharmacy Practice"/>
    </coding>
  </specialty>
</PractitionerRole>