<?xml version="1.0" encoding="UTF-8"?>

<PractitionerRole xmlns="http://hl7.org/fhir">
  <id value="mayo-clinic-rochester-pgy-1"/>
  <meta>
    <profile value="http://openclintech.com/rxventure/fhir/StructureDefinition/PostGradPosition"/>
  </meta>
  <text>
    <status value="generated"/><div xmlns="http://www.w3.org/1999/xhtml"><p class="res-header-id"><b>Generated Narrative: PractitionerRole mayo-clinic-rochester-pgy-1</b></p><a name="mayo-clinic-rochester-pgy-1"> </a><a name="hcmayo-clinic-rochester-pgy-1"> </a><a name="mayo-clinic-rochester-pgy-1-en-US"> </a><p><b>identifier</b>: <code>https://www.ashp.org/professional-development/residency-information/residency-directory</code>/63500</p><p><b>active</b>: true</p><p><b>organization</b>: <a href="Organization-mayo-clinic.html">Organization Mayo Clinic</a></p><p><b>code</b>: <span title="Codes:{http://openclintech.com/rxventure/fhir/CodeSystem/post-graduate-category pgy1}">PGY-1</span></p><p><b>specialty</b>: <span title="Codes:{http//www.openclintech.com/rxventure/fhir/CodeSystem/post-graduate-specialty pharmacy-practice}">Pharmacy Practice</span></p></div>
  </text>
  <identifier>
    <system value="https://www.ashp.org/professional-development/residency-information/residency-directory"/>
    <value value="63500"/>
  </identifier>
  <active value="true"/>
  <organization>
    <reference value="Organization/mayo-clinic"/>
    <type value="Organization"/>
  </organization>
  <code>
    <coding>
      <system value="http://openclintech.com/rxventure/fhir/CodeSystem/post-graduate-category"/>
      <code value="pgy1"/>
      <display value="PGY-1"/>
    </coding>
  </code>
  <specialty>
    <coding>
      <system value="http//www.openclintech.com/rxventure/fhir/CodeSystem/post-graduate-specialty"/>
      <code value="pharmacy-practice"/>
      <display value="Pharmacy Practice"/>
    </coding>
  </specialty>
</PractitionerRole>