{
  "resourceType" : "Organization",
  "id" : "UniversityofUtahHealth",
  "meta" : {
    "profile" : ["http://openclintech.com/rxventure/fhir/StructureDefinition/PostGraduateOrganization"]
  },
  "text" : {
    "status" : "generated",
    "div" : "<div xmlns=\"http://www.w3.org/1999/xhtml\"><p class=\"res-header-id\"><b>Generated Narrative: Organization UniversityofUtahHealth</b></p><a name=\"UniversityofUtahHealth\"> </a><a name=\"hcUniversityofUtahHealth\"> </a><a name=\"UniversityofUtahHealth-en-US\"> </a><p><b>identifier</b>: <code>ashp.org</code>/18245</p><p><b>active</b>: true</p><p><b>name</b>: University of Utah Health</p><h3>Contacts</h3><table class=\"grid\"><tr><td style=\"display: none\">-</td><td><b>Telecom</b></td></tr><tr><td style=\"display: none\">*</td><td>www.utahhealth.org</td></tr></table></div>"
  },
  "identifier" : [{
    "system" : "ashp.org",
    "value" : "18245"
  }],
  "active" : true,
  "name" : "University of Utah Health",
  "contact" : [{
    "telecom" : [{
      "value" : "www.utahhealth.org"
    }]
  }]
}