{
  "resourceType" : "PractitionerRole",
  "id" : "MayoClinicPGY1ProgramDirector",
  "meta" : {
    "profile" : ["http://openclintech.com/rxventure/fhir/StructureDefinition/ProgramContact"]
  },
  "text" : {
    "status" : "generated",
    "div" : "<div xmlns=\"http://www.w3.org/1999/xhtml\"><p class=\"res-header-id\"><b>Generated Narrative: PractitionerRole MayoClinicPGY1ProgramDirector</b></p><a name=\"MayoClinicPGY1ProgramDirector\"> </a><a name=\"hcMayoClinicPGY1ProgramDirector\"> </a><a name=\"MayoClinicPGY1ProgramDirector-en-US\"> </a><p><b>active</b>: true</p><p><b>practitioner</b>: <a href=\"Practitioner/joe-dirt\">Practitioner/joe-dirt</a></p><p><b>organization</b>: <a href=\"Organization/mayo-clinic\">Organization/mayo-clinic</a></p><p><b>telecom</b>: <a href=\"mailto:dirt.joe@mayo.edu\">dirt.joe@mayo.edu</a></p></div>"
  },
  "active" : true,
  "practitioner" : {
    "reference" : "Practitioner/joe-dirt"
  },
  "organization" : {
    "reference" : "Organization/mayo-clinic"
  },
  "telecom" : [{
    "system" : "email",
    "value" : "dirt.joe@mayo.edu"
  }]
}