[
  {
    "id" : "post-graduate-category",
    "type" : "CodeSystem",
    "url" : "http://openclintech.com/rxventure/fhir/CodeSystem/post-graduate-category",
    "version" : "0.1.0",
    "name" : "PostGraduateCategory_CS"
  },
  {
    "id" : "program-review-types",
    "type" : "CodeSystem",
    "url" : "http://openclintech.com/rxventure/fhir/CodeSystem/program-review-types",
    "version" : "0.1.0",
    "name" : "ProgramReviewTypes_CS"
  },
  {
    "id" : "fhir.rxventure",
    "type" : "ImplementationGuide",
    "url" : "http://openclintech.com/rxventure/fhir/ImplementationGuide/fhir.rxventure",
    "version" : "0.1.0",
    "name" : "RxVentureIG"
  },
  {
    "id" : "PostGradPosition",
    "type" : "StructureDefinition",
    "url" : "http://openclintech.com/rxventure/fhir/StructureDefinition/PostGradPosition",
    "version" : "0.1.0",
    "name" : "PostGradPosition"
  },
  {
    "id" : "PostGraduateOrganization",
    "type" : "StructureDefinition",
    "url" : "http://openclintech.com/rxventure/fhir/StructureDefinition/PostGraduateOrganization",
    "version" : "0.1.0",
    "name" : "PostGraduateOrganization"
  },
  {
    "id" : "ProgramContact",
    "type" : "StructureDefinition",
    "url" : "http://openclintech.com/rxventure/fhir/StructureDefinition/ProgramContact",
    "version" : "0.1.0",
    "name" : "ProgramContact"
  },
  {
    "id" : "ProgramPractitioner",
    "type" : "StructureDefinition",
    "url" : "http://openclintech.com/rxventure/fhir/StructureDefinition/ProgramPractitioner",
    "version" : "0.1.0",
    "name" : "ProgramPractitioner"
  },
  {
    "id" : "program-review",
    "type" : "StructureDefinition",
    "url" : "http://openclintech.com/rxventure/fhir/StructureDefinition/program-review",
    "version" : "0.1.0",
    "name" : "ProgramReview"
  },
  {
    "id" : "user",
    "type" : "StructureDefinition",
    "url" : "http://openclintech.com/rxventure/fhir/StructureDefinition/user",
    "version" : "0.1.0",
    "name" : "User"
  },
  {
    "id" : "PostGraduateCategory",
    "type" : "ValueSet",
    "url" : "http://openclintech.com/rxventure/fhir/ValueSet/PostGraduateCategory",
    "version" : "0.1.0",
    "name" : "PostGraduateCategory_VS"
  },
  {
    "id" : "program-review-types",
    "type" : "ValueSet",
    "url" : "http://openclintech.com/rxventure/fhir/ValueSet/program-review-types",
    "version" : "0.1.0",
    "name" : "ProgramReviewTypes_VS"
  }
]
