<?xml version="1.0" encoding="UTF-8"?>

<Bundle xmlns="http://hl7.org/fhir">
  <id value="7ee44549-0655-4384-9132-9a2f25be5fcd"/>
  <meta>
    <lastUpdated value="2024-11-28T00:14:15.296-05:00"/>
  </meta>
  <type value="collection"/>
  <entry>
    <fullUrl value="http://openclintech.com/rxventure/fhir/ValueSet/PostGraduateCategory"/>
    <resource>
      <ValueSet>
        <text>
          <status value="generated"/>
          <div xmlns="http://www.w3.org/1999/xhtml">
            <p class="res-header-id">
              <b>Generated Narrative: ValueSet </b>
            </p>
            <p style="border: black 1px dotted; background-color: #EEEEEE; padding: 8px; margin-bottom: 8px">Expansion based on 
              <a href="CodeSystem-post-graduate-category.html">codesystem Post Graduate Category v0.1.0 (CodeSystem)</a>
            </p>
            <p>This value set contains 2 concepts</p>
            <table class="codes">
              <tr>
                <td style="white-space:nowrap">
                  <b>Code</b>
                </td>
                <td>
                  <b>System</b>
                </td>
                <td>
                  <b>Display</b>
                </td>
                <td>
                  <b>Definition</b>
                </td>
              </tr>
              <tr>
                <td style="white-space:nowrap">
                  <a name="x-http://openclintech.com/rxventure/fhir/CodeSystem/post-graduate-category-pgy1"> </a>  
                  <a href="CodeSystem-post-graduate-category.html#post-graduate-category-pgy1">pgy1</a>
                </td>
                <td>http://openclintech.com/rxventure/fhir/CodeSystem/post-graduate-category</td>
                <td>PGY-1</td>
                <td>
                  <div>
                    <p>Post-Graduate Year 1 positions</p>

                  </div>
                </td>
              </tr>
              <tr>
                <td style="white-space:nowrap">
                  <a name="x-http://openclintech.com/rxventure/fhir/CodeSystem/post-graduate-category-pgy2"> </a>  
                  <a href="CodeSystem-post-graduate-category.html#post-graduate-category-pgy2">pgy2</a>
                </td>
                <td>http://openclintech.com/rxventure/fhir/CodeSystem/post-graduate-category</td>
                <td>PGY-2</td>
                <td>
                  <div>
                    <p>Post-Graduate Year 2 positions</p>

                  </div>
                </td>
              </tr>
            </table>
          </div>
        </text>
        <url value="http://openclintech.com/rxventure/fhir/ValueSet/PostGraduateCategory"/>
        <version value="0.1.0"/>
        <name value="PostGraduateCategory_VS"/>
        <title value="PostGraduateCategory_VS"/>
        <status value="draft"/>
        <date value="2024-11-28T00:14:15-05:00"/>
        <expansion>
          <identifier value="urn:uuid:47a390d3-f492-4fd1-ab26-d1aee634195c"/>
          <timestamp value="2024-11-28T00:14:27-05:00"/>
          <total value="2"/>
          <offset value="0"/>
          <parameter>
            <name value="count"/>
            <valueInteger value="1000"/>
          </parameter>
          <parameter>
            <name value="offset"/>
            <valueInteger value="0"/>
          </parameter>
          <parameter>
            <name value="excludeNested"/>
            <valueBoolean value="false"/>
          </parameter>
          <parameter>
            <name value="used-codesystem"/>
            <valueUri value="http://openclintech.com/rxventure/fhir/CodeSystem/post-graduate-category|0.1.0"/>
          </parameter>
          <contains>
            <system value="http://openclintech.com/rxventure/fhir/CodeSystem/post-graduate-category"/>
            <code value="pgy1"/>
            <display value="PGY-1"/>
          </contains>
          <contains>
            <system value="http://openclintech.com/rxventure/fhir/CodeSystem/post-graduate-category"/>
            <code value="pgy2"/>
            <display value="PGY-2"/>
          </contains>
        </expansion>
      </ValueSet>
    </resource>
  </entry>
  <entry>
    <fullUrl value="http://openclintech.com/rxventure/fhir/ValueSet/program-review-types"/>
    <resource>
      <ValueSet>
        <text>
          <status value="generated"/>
          <div xmlns="http://www.w3.org/1999/xhtml">
            <p class="res-header-id">
              <b>Generated Narrative: ValueSet </b>
            </p>
            <p style="border: black 1px dotted; background-color: #EEEEEE; padding: 8px; margin-bottom: 8px">Expansion based on 
              <a href="CodeSystem-program-review-types.html">codesystem Program Review Types v0.1.0 (CodeSystem)</a>
            </p>
            <p>This value set contains 2 concepts</p>
            <table class="codes">
              <tr>
                <td style="white-space:nowrap">
                  <b>Code</b>
                </td>
                <td>
                  <b>System</b>
                </td>
                <td>
                  <b>Display</b>
                </td>
                <td>
                  <b>Definition</b>
                </td>
              </tr>
              <tr>
                <td style="white-space:nowrap">
                  <a name="x-http://openclintech.com/rxventure/fhir/CodeSystem/program-review-types-overall"> </a>  
                  <a href="CodeSystem-program-review-types.html#program-review-types-overall">overall</a>
                </td>
                <td>http://openclintech.com/rxventure/fhir/CodeSystem/program-review-types</td>
                <td>Overall</td>
                <td>
                  <div>
                    <p>Overall review of the residency program on a scale of 1 to 10. 1 being the worst and 10 being the best.</p>

                  </div>
                </td>
              </tr>
              <tr>
                <td style="white-space:nowrap">
                  <a name="x-http://openclintech.com/rxventure/fhir/CodeSystem/program-review-types-preceptor-quality"> </a>  
                  <a href="CodeSystem-program-review-types.html#program-review-types-preceptor-quality">preceptor-quality</a>
                </td>
                <td>http://openclintech.com/rxventure/fhir/CodeSystem/program-review-types</td>
                <td>Preceptor Quality</td>
                <td>
                  <div>
                    <p>A review of the quality of preceptors at the residency program.</p>

                  </div>
                </td>
              </tr>
            </table>
          </div>
        </text>
        <url value="http://openclintech.com/rxventure/fhir/ValueSet/program-review-types"/>
        <version value="0.1.0"/>
        <name value="ProgramReviewTypes_VS"/>
        <title value="Program Review Types"/>
        <status value="draft"/>
        <date value="2024-11-28T00:14:15-05:00"/>
        <expansion>
          <identifier value="urn:uuid:982a1eb4-51de-40cf-a42e-89385979a4f8"/>
          <timestamp value="2024-11-28T00:14:27-05:00"/>
          <total value="2"/>
          <offset value="0"/>
          <parameter>
            <name value="count"/>
            <valueInteger value="1000"/>
          </parameter>
          <parameter>
            <name value="offset"/>
            <valueInteger value="0"/>
          </parameter>
          <parameter>
            <name value="excludeNested"/>
            <valueBoolean value="false"/>
          </parameter>
          <parameter>
            <name value="used-codesystem"/>
            <valueUri value="http://openclintech.com/rxventure/fhir/CodeSystem/program-review-types|0.1.0"/>
          </parameter>
          <contains>
            <system value="http://openclintech.com/rxventure/fhir/CodeSystem/program-review-types"/>
            <code value="overall"/>
            <display value="Overall"/>
          </contains>
          <contains>
            <system value="http://openclintech.com/rxventure/fhir/CodeSystem/program-review-types"/>
            <code value="preceptor-quality"/>
            <display value="Preceptor Quality"/>
          </contains>
        </expansion>
      </ValueSet>
    </resource>
  </entry>
</Bundle>